-0.945179,0.264326,0.000000,0.991799,-0.221089,0.000000,-0.046620,-0.043237,0.000000,
-0.851198,0.321237,0.000000,1.040389,-0.151970,0.000000,-0.189190,-0.169266,0.000000,
-0.725640,0.358896,0.000000,1.067515,-0.081009,0.000000,-0.341875,-0.277887,0.000000,
-0.572061,0.362952,0.000000,1.076656,-0.009809,0.000000,-0.504596,-0.353143,0.000000,
-0.403917,0.323776,0.000000,1.069460,0.061320,0.000000,-0.665544,-0.385095,0.000000,
-0.236601,0.244823,0.000000,1.045643,0.132427,0.000000,-0.809042,-0.377251,0.000000,
-0.076259,0.139016,0.000000,1.002834,0.203134,0.000000,-0.926575,-0.342149,0.000000,
0.081746,0.020453,0.000000,0.936234,0.271427,0.000000,-1.017980,-0.291879,0.000000,
0.248335,-0.096891,0.000000,0.838547,0.331091,0.000000,-1.086881,-0.234200,0.000000,
0.434345,-0.193823,0.000000,0.702954,0.366911,0.000000,-1.137299,-0.173087,0.000000,
0.636673,-0.243939,0.000000,0.535566,0.354097,0.000000,-1.172239,-0.110158,0.000000,
0.828578,-0.235228,0.000000,0.364615,0.281047,0.000000,-1.193194,-0.045819,0.000000,
0.987393,-0.186373,0.000000,0.212676,0.166545,0.000000,-1.200069,0.019828,0.000000,
1.112540,-0.120356,0.000000,0.078931,0.034093,0.000000,-1.191471,0.086263,0.000000,
1.211660,-0.049236,0.000000,-0.046483,-0.102759,0.000000,-1.165177,0.151995,0.000000,
1.291553,0.022238,0.000000,-0.172831,-0.236330,0.000000,-1.118722,0.214092,0.000000,
1.356860,0.092450,0.000000,-0.306591,-0.360328,0.000000,-1.050269,0.267878,0.000000,
1.410546,0.160995,0.000000,-0.450703,-0.468160,0.000000,-0.959844,0.307165,0.000000,
1.454444,0.227904,0.000000,-0.603917,-0.553412,0.000000,-0.850527,0.325509,0.000000,
1.489614,0.293316,0.000000,-0.761072,-0.611771,0.000000,-0.728542,0.318455,0.000000,
1.516587,0.357335,0.000000,-0.915070,-0.642759,0.000000,-0.601517,0.285425,0.000000,
1.535523,0.419947,0.000000,-1.059628,-0.649646,0.000000,-0.475896,0.229698,0.000000,
1.546350,0.480983,0.000000,-1.190963,-0.637669,0.000000,-0.355388,0.156686,0.000000,
1.548872,0.540089,0.000000,-1.307802,-0.612148,0.000000,-0.241070,0.072059,0.000000,
1.542874,0.596736,0.000000,-1.410543,-0.577456,0.000000,-0.132332,-0.019280,0.000000,
1.528204,0.650240,0.000000,-1.500391,-0.536799,0.000000,-0.027814,-0.113441,0.000000,
1.504836,0.699804,0.000000,-1.578798,-0.492370,0.000000,0.073962,-0.207434,0.000000,
1.472904,0.744573,0.000000,-1.647167,-0.445613,0.000000,0.174264,-0.298961,0.000000,
1.432713,0.783690,0.000000,-1.706730,-0.397451,0.000000,0.274017,-0.386239,0.000000,
1.384732,0.816342,0.000000,-1.758518,-0.348464,0.000000,0.373786,-0.467878,0.000000,
1.329560,0.841801,0.000000,-1.803366,-0.299002,0.000000,0.473806,-0.542800,0.000000,
1.267902,0.859447,0.000000,-1.841938,-0.249272,0.000000,0.574036,-0.610175,0.000000,
1.200532,0.868778,0.000000,-1.874752,-0.199389,0.000000,0.674220,-0.669389,0.000000,
1.128264,0.869420,0.000000,-1.902204,-0.149409,0.000000,0.773939,-0.720011,0.000000,
1.051925,0.861119,0.000000,-1.924583,-0.099351,0.000000,0.872657,-0.761768,0.000000,
0.972333,0.843744,0.000000,-1.942090,-0.049215,0.000000,0.969757,-0.794529,0.000000,
0.890281,0.817278,0.000000,-1.954851,0.001010,0.000000,1.064570,-0.818288,0.000000,
0.806516,0.781817,0.000000,-1.962916,0.051340,0.000000,1.156400,-0.833156,0.000000,
0.721729,0.737567,0.000000,-1.966273,0.101783,0.000000,1.244544,-0.839350,0.000000,
0.636535,0.684847,0.000000,-1.964844,0.152339,0.000000,1.328309,-0.837187,0.000000,
0.551458,0.624086,0.000000,-1.958491,0.202991,0.000000,1.407032,-0.827077,0.000000,
0.466914,0.555829,0.000000,-1.947009,0.253693,0.000000,1.480095,-0.809523,0.000000,
0.383188,0.480738,0.000000,-1.930132,0.304363,0.000000,1.546944,-0.785102,0.000000,
0.300422,0.399596,0.000000,-1.907525,0.354867,0.000000,1.607103,-0.754463,0.000000,
0.218597,0.313307,0.000000,-1.878793,0.405000,0.000000,1.660196,-0.718306,0.000000,
0.137527,0.222902,0.000000,-1.843482,0.454465,0.000000,1.705955,-0.677366,0.000000,
0.056866,0.129534,0.000000,-1.801093,0.502850,0.000000,1.744227,-0.632384,0.000000,
-0.023870,0.034486,0.000000,-1.751104,0.549599,0.000000,1.774975,-0.584084,0.000000,
-0.105264,-0.060841,0.000000,-1.693004,0.593988,0.000000,1.798268,-0.533146,0.000000,
-0.187926,-0.154924,0.000000,-1.626338,0.635108,0.000000,1.814264,-0.480184,0.000000,
-0.272418,-0.246135,0.000000,-1.550770,0.671862,0.000000,1.823188,-0.425727,0.000000,
-0.359150,-0.332768,0.000000,-1.466150,0.702979,0.000000,1.825301,-0.370212,0.000000,
-0.448290,-0.413086,0.000000,-1.372579,0.727063,0.000000,1.820869,-0.313977,0.000000,
-0.539678,-0.485386,0.000000,-1.270464,0.742661,0.000000,1.810142,-0.257275,0.000000,
-0.632776,-0.548093,0.000000,-1.160547,0.748366,0.000000,1.793323,-0.200273,0.000000,
-0.726657,-0.599859,0.000000,-1.043892,0.742931,0.000000,1.770548,-0.143072,0.000000,
-0.820040,-0.639663,0.000000,-0.921826,0.725380,0.000000,1.741866,-0.085717,0.000000,
-0.911379,-0.666899,0.000000,-0.795837,0.695109,0.000000,1.707216,-0.028210,0.000000,
-0.998980,-0.681421,0.000000,-0.667426,0.651942,0.000000,1.666406,0.029479,0.000000,
-1.081137,-0.683555,0.000000,-0.537936,0.596164,0.000000,1.619073,0.087391,0.000000,
-1.156267,-0.674056,0.000000,-0.408366,0.528492,0.000000,1.564633,0.145564,0.000000,
-1.223028,-0.654035,0.000000,-0.279175,0.450041,0.000000,1.502203,0.203993,0.000000,
-1.280399,-0.624847,0.000000,-0.150068,0.362285,0.000000,1.430467,0.262562,0.000000,
-1.327722,-0.587975,0.000000,-0.019747,0.267088,0.000000,1.347469,0.320887,0.000000,
-1.364708,-0.544904,0.000000,0.114435,0.166931,0.000000,1.250273,0.377973,0.000000,
-1.391397,-0.497006,0.000000,0.256919,0.065659,0.000000,1.134479,0.431348,0.000000,
-1.408094,-0.445447,0.000000,0.414175,-0.029488,0.000000,0.993920,0.474935,0.000000,
-1.415253,-0.391093,0.000000,0.592320,-0.103540,0.000000,0.822933,0.494634,0.000000,
-1.413305,-0.334454,0.000000,0.785411,-0.132738,0.000000,0.627894,0.467192,0.000000,
-1.402376,-0.275670,0.000000,0.965920,-0.107308,0.000000,0.436457,0.382977,0.000000,
-1.381996,-0.214641,0.000000,1.113591,-0.047585,0.000000,0.268406,0.262226,0.000000,
-1.350914,-0.151280,0.000000,1.230424,0.024890,0.000000,0.120490,0.126390,0.000000,
-1.306976,-0.085807,0.000000,1.324424,0.100118,0.000000,-0.017447,-0.014311,0.000000,
-1.246893,-0.019223,0.000000,1.401841,0.174519,0.000000,-0.154947,-0.155295,0.000000,
-1.165999,0.045695,0.000000,1.466749,0.246979,0.000000,-0.300750,-0.292674,0.000000,
-1.058700,0.102390,0.000000,1.521735,0.317285,0.000000,-0.463035,-0.419675,0.000000,
-0.921950,0.138092,0.000000,1.568418,0.385541,0.000000,-0.646468,-0.523633,0.000000,
-0.763291,0.137106,0.000000,1.607747,0.451917,0.000000,-0.844456,-0.589023,0.000000,
-0.601383,0.095147,0.000000,1.640192,0.516518,0.000000,-1.038809,-0.611665,0.000000,
-0.450190,0.023639,0.000000,1.665913,0.579297,0.000000,-1.215724,-0.602936,0.000000,
-0.312217,-0.063604,0.000000,1.684942,0.640040,0.000000,-1.372726,-0.576435,0.000000,
-0.184705,-0.157606,0.000000,1.697305,0.698407,0.000000,-1.512600,-0.540801,0.000000,
-0.064295,-0.253427,0.000000,1.703088,0.753982,0.000000,-1.638793,-0.500555,0.000000,
0.051658,-0.348338,0.000000,1.702466,0.806319,0.000000,-1.754123,-0.457981,0.000000,
0.164998,-0.440734,0.000000,1.695696,0.854982,0.000000,-1.860694,-0.414248,0.000000,
0.276936,-0.529602,0.000000,1.683113,0.899568,0.000000,-1.960049,-0.369966,0.000000,
0.388220,-0.614267,0.000000,1.665110,0.939724,0.000000,-2.053330,-0.325457,0.000000,
0.499275,-0.694270,0.000000,1.642122,0.975161,0.000000,-2.141397,-0.280891,0.000000,
0.610294,-0.769301,0.000000,1.614608,1.005654,0.000000,-2.224903,-0.236353,0.000000,
0.721318,-0.839155,0.000000,1.583037,1.031038,0.000000,-2.304355,-0.191883,0.000000,
0.832276,-0.903717,0.000000,1.547875,1.051214,0.000000,-2.380151,-0.147497,0.000000,
0.943033,-0.962937,0.000000,1.509576,1.066131,0.000000,-2.452610,-0.103195,0.000000,
1.053407,-1.016822,0.000000,1.468577,1.075792,0.000000,-2.521984,-0.058970,0.000000,
1.163192,-1.065424,0.000000,1.425290,1.080239,0.000000,-2.588482,-0.014815,0.000000,
1.272169,-1.108831,0.000000,1.380101,1.079550,0.000000,-2.652270,0.029281,0.000000,
1.380120,-1.147161,0.000000,1.333368,1.073835,0.000000,-2.713488,0.073326,0.000000,
1.486830,-1.180556,0.000000,1.285419,1.063227,0.000000,-2.772248,0.117329,0.000000,
1.592091,-1.209178,0.000000,1.236554,1.047884,0.000000,-2.828646,0.161295,0.000000,
1.695711,-1.233203,0.000000,1.187046,1.027977,0.000000,-2.882757,0.205225,0.000000,
1.797510,-1.252816,0.000000,1.137137,1.003694,0.000000,-2.934647,0.249122,0.000000,
1.897322,-1.268215,0.000000,1.087045,0.975233,0.000000,-2.984368,0.292982,0.000000,
1.995000,-1.279599,0.000000,1.036963,0.942799,0.000000,-3.031963,0.336800,0.000000,
2.090411,-1.287174,0.000000,0.987059,0.906606,0.000000,-3.077470,0.380568,0.000000,
2.183439,-1.291147,0.000000,0.937478,0.866871,0.000000,-3.120917,0.424276,0.000000,
2.273983,-1.291725,0.000000,0.888347,0.823815,0.000000,-3.162330,0.467910,0.000000,
2.361957,-1.289113,0.000000,0.839771,0.777660,0.000000,-3.201728,0.511453,0.000000,
2.447292,-1.283514,0.000000,0.791837,0.728627,0.000000,-3.239128,0.554887,0.000000,
2.529931,-1.275130,0.000000,0.744615,0.676940,0.000000,-3.274546,0.598190,0.000000,
2.609831,-1.264154,0.000000,0.698163,0.622815,0.000000,-3.307994,0.641339,0.000000,
2.686963,-1.250778,0.000000,0.652521,0.566471,0.000000,-3.339484,0.684307,0.000000,
2.761308,-1.235185,0.000000,0.607719,0.508119,0.000000,-3.369027,0.727067,0.000000,
2.832859,-1.217554,0.000000,0.563777,0.447965,0.000000,-3.396635,0.769588,0.000000,
2.901618,-1.198053,0.000000,0.520701,0.386214,0.000000,-3.422319,0.811839,0.000000,
2.967598,-1.176846,0.000000,0.478494,0.323059,0.000000,-3.446092,0.853788,0.000000,
3.030819,-1.154089,0.000000,0.437149,0.258690,0.000000,-3.467968,0.895399,0.000000,
3.091308,-1.129928,0.000000,0.396652,0.193288,0.000000,-3.487960,0.936640,0.000000,
3.149098,-1.104501,0.000000,0.356987,0.127027,0.000000,-3.506085,0.977474,0.000000,
3.204230,-1.077939,0.000000,0.318131,0.060073,0.000000,-3.522361,1.017866,0.000000,
3.256747,-1.050365,0.000000,0.280061,-0.007417,0.000000,-3.536808,1.057783,0.000000,
3.306697,-1.021893,0.000000,0.242750,-0.075295,0.000000,-3.549446,1.097188,0.000000,
3.354130,-0.992627,0.000000,0.206169,-0.143420,0.000000,-3.560299,1.136048,0.000000,
3.399100,-0.962668,0.000000,0.170291,-0.211661,0.000000,-3.569391,1.174329,0.000000,
3.441662,-0.932106,0.000000,0.135085,-0.279894,0.000000,-3.576747,1.212000,0.000000,
3.481871,-0.901024,0.000000,0.100522,-0.348006,0.000000,-3.582394,1.249030,0.000000,
3.519785,-0.869500,0.000000,0.066576,-0.415889,0.000000,-3.586361,1.285389,0.000000,
3.555460,-0.837605,0.000000,0.033216,-0.483445,0.000000,-3.588676,1.321050,0.000000,
3.588952,-0.805402,0.000000,0.000418,-0.550583,0.000000,-3.589370,1.355985,0.000000,
3.620318,-0.772951,0.000000,-0.031845,-0.617219,0.000000,-3.588473,1.390170,0.000000,
3.649611,-0.740305,0.000000,-0.063596,-0.683276,0.000000,-3.586015,1.423582,0.000000,
3.676887,-0.707513,0.000000,-0.094859,-0.748685,0.000000,-3.582028,1.456198,0.000000,
3.702196,-0.674619,0.000000,-0.125654,-0.813381,0.000000,-3.576543,1.488000,0.000000,
3.725591,-0.641663,0.000000,-0.156001,-0.877305,0.000000,-3.569590,1.518968,0.000000,
3.747119,-0.608681,0.000000,-0.185918,-0.940404,0.000000,-3.561201,1.549085,0.000000,
3.766829,-0.575705,0.000000,-0.215423,-1.002631,0.000000,-3.551406,1.578336,0.000000,
3.784766,-0.542764,0.000000,-0.244531,-1.063942,0.000000,-3.540235,1.606706,0.000000,
3.800973,-0.509886,0.000000,-0.273257,-1.124297,0.000000,-3.527716,1.634183,0.000000,
3.815493,-0.477092,0.000000,-0.301613,-1.183661,0.000000,-3.513880,1.660753,0.000000,
3.828364,-0.444406,0.000000,-0.329611,-1.242002,0.000000,-3.498753,1.686407,0.000000,
3.839625,-0.411844,0.000000,-0.357261,-1.299291,0.000000,-3.482364,1.711135,0.000000,
3.849312,-0.379425,0.000000,-0.384575,-1.355502,0.000000,-3.464737,1.734927,0.000000,
3.857459,-0.347164,0.000000,-0.411560,-1.410613,0.000000,-3.445899,1.757776,0.000000,
3.864099,-0.315073,0.000000,-0.438225,-1.464601,0.000000,-3.425874,1.779674,0.000000,
3.869262,-0.283165,0.000000,-0.464576,-1.517449,0.000000,-3.404686,1.800614,0.000000,
3.872976,-0.251451,0.000000,-0.490619,-1.569139,0.000000,-3.382357,1.820590,0.000000,
3.875269,-0.219940,0.000000,-0.516360,-1.619657,0.000000,-3.358909,1.839596,0.000000,
3.876166,-0.188640,0.000000,-0.541804,-1.668988,0.000000,-3.334362,1.857628,0.000000,
3.875692,-0.157558,0.000000,-0.566955,-1.717120,0.000000,-3.308737,1.874678,0.000000,
3.873867,-0.126702,0.000000,-0.591817,-1.764042,0.000000,-3.282051,1.890744,0.000000,
3.870714,-0.096077,0.000000,-0.616391,-1.809743,0.000000,-3.254323,1.905821,0.000000,
3.866251,-0.065688,0.000000,-0.640682,-1.854215,0.000000,-3.225569,1.919903,0.000000,
3.860496,-0.035540,0.000000,-0.664690,-1.897447,0.000000,-3.195806,1.932987,0.000000,
3.853466,-0.005635,0.000000,-0.688418,-1.939433,0.000000,-3.165048,1.945069,0.000000,
3.845175,0.024021,0.000000,-0.711866,-1.980165,0.000000,-3.133309,1.956144,0.000000,
3.835637,0.053428,0.000000,-0.735034,-2.019635,0.000000,-3.100602,1.966207,0.000000,
3.824864,0.082581,0.000000,-0.757924,-2.057837,0.000000,-3.066940,1.975256,0.000000,
3.812868,0.111479,0.000000,-0.780534,-2.094763,0.000000,-3.032334,1.983284,0.000000,
3.799659,0.140120,0.000000,-0.802865,-2.130408,0.000000,-2.996794,1.990288,0.000000,
3.785244,0.168502,0.000000,-0.824915,-2.164764,0.000000,-2.960329,1.996262,0.000000,
3.769632,0.196625,0.000000,-0.846683,-2.197826,0.000000,-2.922949,2.001201,0.000000,
3.752828,0.224487,0.000000,-0.868167,-2.229587,0.000000,-2.884661,2.005100,0.000000,
3.734837,0.252086,0.000000,-0.889365,-2.260039,0.000000,-2.845472,2.007953,0.000000,
3.715663,0.279424,0.000000,-0.910275,-2.289178,0.000000,-2.805387,2.009754,0.000000,
3.695308,0.306497,0.000000,-0.930894,-2.316994,0.000000,-2.764413,2.010497,0.000000,
3.673773,0.333307,0.000000,-0.951219,-2.343482,0.000000,-2.722554,2.010174,0.000000,
3.651059,0.359853,0.000000,-0.971247,-2.368632,0.000000,-2.679812,2.008779,0.000000,
3.627164,0.386135,0.000000,-0.990973,-2.392438,0.000000,-2.636191,2.006303,0.000000,
3.602085,0.412152,0.000000,-1.010394,-2.414890,0.000000,-2.591691,2.002739,0.000000,
3.575818,0.437904,0.000000,-1.029504,-2.435980,0.000000,-2.546314,1.998077,0.000000,
3.548358,0.463391,0.000000,-1.048299,-2.455698,0.000000,-2.500060,1.992308,0.000000,
3.519699,0.488613,0.000000,-1.066773,-2.474034,0.000000,-2.452926,1.985421,0.000000,
3.489831,0.513569,0.000000,-1.084920,-2.490977,0.000000,-2.404911,1.977408,0.000000,
3.458745,0.538261,0.000000,-1.102734,-2.506515,0.000000,-2.356010,1.968255,0.000000,
3.426429,0.562686,0.000000,-1.120209,-2.520637,0.000000,-2.306221,1.957951,0.000000,
3.392871,0.586847,0.000000,-1.137336,-2.533329,0.000000,-2.255535,1.946483,0.000000,
3.358055,0.610741,0.000000,-1.154107,-2.544578,0.000000,-2.203948,1.933837,0.000000,
3.321963,0.634370,0.000000,-1.170514,-2.554369,0.000000,-2.151449,1.919999,0.000000,
3.284577,0.657732,0.000000,-1.186548,-2.562685,0.000000,-2.098029,1.904953,0.000000,
3.245876,0.680828,0.000000,-1.202199,-2.569511,0.000000,-2.043677,1.888684,0.000000,
3.205835,0.703656,0.000000,-1.217455,-2.574829,0.000000,-1.988380,1.871173,0.000000,
3.164428,0.726217,0.000000,-1.232306,-2.578619,0.000000,-1.932121,1.852402,0.000000,
3.121624,0.748509,0.000000,-1.246739,-2.580861,0.000000,-1.874885,1.832352,0.000000,
3.077392,0.770532,0.000000,-1.260741,-2.581533,0.000000,-1.816651,1.811001,0.000000,
3.031694,0.792284,0.000000,-1.274297,-2.580613,0.000000,-1.757398,1.788329,0.000000,
2.984490,0.813764,0.000000,-1.287391,-2.578076,0.000000,-1.697100,1.764312,0.000000,
2.935736,0.834970,0.000000,-1.300007,-2.573896,0.000000,-1.635729,1.738925,0.000000,
2.885380,0.855900,0.000000,-1.312126,-2.568044,0.000000,-1.573254,1.712143,0.000000,
2.833368,0.876552,0.000000,-1.323729,-2.560491,0.000000,-1.509639,1.683939,0.000000,
2.779636,0.896923,0.000000,-1.334794,-2.551205,0.000000,-1.444842,1.654282,0.000000,
2.724116,0.917008,0.000000,-1.345298,-2.540153,0.000000,-1.378817,1.623145,0.000000,
2.666727,0.936803,0.000000,-1.355215,-2.527298,0.000000,-1.311512,1.590494,0.000000,
2.607383,0.956303,0.000000,-1.364518,-2.512601,0.000000,-1.242865,1.556298,0.000000,
2.545981,0.975499,0.000000,-1.373176,-2.496022,0.000000,-1.172806,1.520523,0.000000,
2.482409,0.994384,0.000000,-1.381156,-2.477516,0.000000,-1.101253,1.483132,0.000000,
2.416534,1.012946,0.000000,-1.388420,-2.457037,0.000000,-1.028113,1.444092,0.000000,
2.348205,1.031170,0.000000,-1.394930,-2.434536,0.000000,-0.953274,1.403365,0.000000,
2.277245,1.049038,0.000000,-1.400641,-2.409957,0.000000,-0.876604,1.360919,0.000000,
2.203447,1.066526,0.000000,-1.405503,-2.383246,0.000000,-0.797945,1.316720,0.000000,
2.126566,1.083602,0.000000,-1.409462,-2.354342,0.000000,-0.717105,1.270740,0.000000,
2.046307,1.100222,0.000000,-1.412458,-2.323182,0.000000,-0.633849,1.222960,0.000000,
1.962309,1.116326,0.000000,-1.414424,-2.289697,0.000000,-0.547885,1.173371,0.000000,
1.874129,1.131831,0.000000,-1.415285,-2.253816,0.000000,-0.458844,1.121986,0.000000,
1.781204,1.146613,0.000000,-1.414959,-2.215465,0.000000,-0.366245,1.068852,0.000000,
1.682809,1.160491,0.000000,-1.413352,-2.174567,0.000000,-0.269458,1.014075,0.000000,
1.577979,1.173180,0.000000,-1.410360,-2.131040,0.000000,-0.167619,0.957860,0.000000,
1.465387,1.184210,0.000000,-1.405870,-2.084803,0.000000,-0.059517,0.900593,0.000000,
1.343124,1.192762,0.000000,-1.399755,-2.035774,0.000000,0.056631,0.843012,0.000000,
1.208295,1.197267,0.000000,-1.391875,-1.983875,0.000000,0.183580,0.786608,0.000000,
1.056223,1.194324,0.000000,-1.382082,-1.929030,0.000000,0.325859,0.734706,0.000000,
0.879020,1.175148,0.000000,-1.370220,-1.871174,0.000000,0.491201,0.696026,0.000000,
0.667141,1.111697,0.000000,-1.356139,-1.810254,0.000000,0.688998,0.698557,0.000000,
0.457317,0.941337,0.000000,-1.339708,-1.746210,0.000000,0.882391,0.804873,0.000000,
0.334786,0.705310,0.000000,-1.320804,-1.678916,0.000000,0.986018,0.973606,0.000000,
0.265029,0.477402,0.000000,-1.299217,-1.608102,0.000000,1.034189,1.130699,0.000000,
0.214320,0.261908,0.000000,-1.274578,-1.533381,0.000000,1.060258,1.271473,0.000000,
0.170821,0.054015,0.000000,-1.246312,-1.454261,0.000000,1.075491,1.400246,0.000000,
0.129242,-0.150018,0.000000,-1.213542,-1.370127,0.000000,1.084301,1.520145,0.000000,
0.086141,-0.352933,0.000000,-1.174905,-1.280232,0.000000,1.088764,1.633165,0.000000,
0.038207,-0.556876,0.000000,-1.128205,-1.183741,0.000000,1.089998,1.740617,0.000000,
-0.018878,-0.763399,0.000000,-1.069778,-1.079994,0.000000,1.088656,1.843392,0.000000,
-0.091661,-0.972600,0.000000,-0.993481,-0.969516,0.000000,1.085142,1.942116,0.000000,
-0.189437,-1.180144,0.000000,-0.890277,-0.857084,0.000000,1.079714,2.037227,0.000000,
-0.319085,-1.372848,0.000000,-0.753453,-0.756176,0.000000,1.072538,2.129023,0.000000,
-0.473015,-1.535084,0.000000,-0.590712,-0.682604,0.000000,1.063727,2.217688,0.000000,
-0.634019,-1.665428,0.000000,-0.419362,-0.637891,0.000000,1.053381,2.303319,0.000000,
-0.791787,-1.772830,0.000000,-0.249826,-0.613140,0.000000,1.041613,2.385970,0.000000,
-0.943560,-1.865472,0.000000,-0.084988,-0.600208,0.000000,1.028548,2.465680,0.000000,
-1.089438,-1.948466,0.000000,0.075111,-0.594026,0.000000,1.014327,2.542492,0.000000,
-1.230188,-2.024826,0.000000,0.231096,-0.591630,0.000000,0.999092,2.616455,0.000000,
-1.366602,-2.096378,0.000000,0.383619,-0.591254,0.000000,0.982984,2.687632,0.000000,
-1.499356,-2.164287,0.000000,0.533216,-0.591808,0.000000,0.966139,2.756094,0.000000,
-1.628993,-2.229324,0.000000,0.680305,-0.592597,0.000000,0.948688,2.821921,0.000000,
-1.755949,-2.292029,0.000000,0.825201,-0.593169,0.000000,0.930748,2.885198,0.000000,
-1.880576,-2.352789,0.000000,0.968146,-0.593226,0.000000,0.912430,2.946015,0.000000,
-2.003156,-2.411894,0.000000,1.109326,-0.592573,0.000000,0.893830,3.004467,0.000000,
-2.123923,-2.469564,0.000000,1.248884,-0.591083,0.000000,0.875039,3.060647,0.000000,
-2.243069,-2.525971,0.000000,1.386935,-0.588679,0.000000,0.856134,3.114651,0.000000,
-2.360754,-2.581254,0.000000,1.523570,-0.585317,0.000000,0.837184,3.166571,0.000000,
-2.477115,-2.635526,0.000000,1.658866,-0.580975,0.000000,0.818249,3.216501,0.000000,
-2.592267,-2.688878,0.000000,1.792884,-0.575651,0.000000,0.799382,3.264529,0.000000,
-2.706310,-2.741388,0.000000,1.925681,-0.569353,0.000000,0.780629,3.310741,0.000000,
-2.819330,-2.793124,0.000000,2.057302,-0.562098,0.000000,0.762028,3.355221,0.000000,
-2.931403,-2.844140,0.000000,2.187790,-0.553910,0.000000,0.743613,3.398050,0.000000,
-3.042594,-2.894487,0.000000,2.317182,-0.544815,0.000000,0.725413,3.439302,0.000000,
-3.152963,-2.944207,0.000000,2.445513,-0.534844,0.000000,0.707449,3.479051,0.000000,
-3.262560,-2.993338,0.000000,2.572816,-0.524029,0.000000,0.689744,3.517366,0.000000,
-3.371431,-3.041913,0.000000,2.699119,-0.512400,0.000000,0.672313,3.554313,0.000000,
-3.479620,-3.089963,0.000000,2.824451,-0.499990,0.000000,0.655169,3.589953,0.000000,
-3.587162,-3.137514,0.000000,2.948839,-0.486832,0.000000,0.638323,3.624346,0.000000,
-3.694092,-3.184591,0.000000,3.072308,-0.472957,0.000000,0.621784,3.657548,0.000000,
-3.800441,-3.231216,0.000000,3.194882,-0.458395,0.000000,0.605559,3.689612,0.000000,
-3.906236,-3.277410,0.000000,3.316585,-0.443177,0.000000,0.589651,3.720587,0.000000,
-4.011503,-3.323190,0.000000,3.437438,-0.427330,0.000000,0.574065,3.750520,0.000000,
-4.116265,-3.368574,0.000000,3.557464,-0.410883,0.000000,0.558801,3.779457,0.000000,
-4.220545,-3.413578,0.000000,3.676683,-0.393862,0.000000,0.543863,3.807440,0.000000,
-4.324362,-3.458216,0.000000,3.795114,-0.376293,0.000000,0.529248,3.834509,0.000000,
-4.427735,-3.502502,0.000000,3.912778,-0.358199,0.000000,0.514956,3.860701,0.000000,
-4.530680,-3.546448,0.000000,4.029693,-0.339604,0.000000,0.500987,3.886052,0.000000,
-4.633214,-3.590067,0.000000,4.145877,-0.320530,0.000000,0.487337,3.910597,0.000000,
-4.735351,-3.633369,0.000000,4.261347,-0.300998,0.000000,0.474004,3.934367,0.000000,
-4.837106,-3.676364,0.000000,4.376121,-0.281028,0.000000,0.460985,3.957393,0.000000,
-4.938491,-3.719064,0.000000,4.490214,-0.260640,0.000000,0.448276,3.979703,0.000000,
-5.039518,-3.761476,0.000000,4.603643,-0.239850,0.000000,0.435875,4.001326,0.000000,
-5.140199,-3.803610,0.000000,4.716423,-0.218677,0.000000,0.423776,4.022287,0.000000,
-5.240545,-3.845473,0.000000,4.828569,-0.197137,0.000000,0.411976,4.042610,0.000000,
-5.340566,-3.887075,0.000000,4.940095,-0.175245,0.000000,0.400471,4.062320,0.000000,
-5.440271,-3.928421,0.000000,5.051014,-0.153017,0.000000,0.389256,4.081438,0.000000,
-5.539669,-3.969519,0.000000,5.161342,-0.130466,0.000000,0.378327,4.099985,0.000000,
-5.638769,-4.010377,0.000000,5.271090,-0.107606,0.000000,0.367679,4.117983,0.000000,
-5.737579,-4.051000,0.000000,5.380271,-0.084450,0.000000,0.357308,4.135450,0.000000,
-5.836107,-4.091394,0.000000,5.488898,-0.061010,0.000000,0.347209,4.152404,0.000000,
-5.934359,-4.131565,0.000000,5.596982,-0.037298,0.000000,0.337377,4.168863,0.000000,
-6.032344,-4.171520,0.000000,5.704536,-0.013324,0.000000,0.327808,4.184844,0.000000,
-6.130067,-4.211263,0.000000,5.811569,0.010901,0.000000,0.318497,4.200362,0.000000,
-6.227535,-4.250799,0.000000,5.918094,0.035367,0.000000,0.309440,4.215432,0.000000,
-6.324753,-4.290134,0.000000,6.024121,0.060064,0.000000,0.300633,4.230070,0.000000,
-6.421729,-4.329271,0.000000,6.129659,0.084982,0.000000,0.292070,4.244289,0.000000,
-6.518467,-4.368217,0.000000,6.234719,0.110115,0.000000,0.283748,4.258102,0.000000,
-6.614972,-4.406974,0.000000,6.339310,0.135452,0.000000,0.275661,4.271522,0.000000,
-6.711249,-4.445548,0.000000,6.443442,0.160987,0.000000,0.267807,4.284561,0.000000,
-6.807305,-4.483942,0.000000,6.547125,0.186711,0.000000,0.260180,4.297231,0.000000,
-6.903142,-4.522161,0.000000,6.650365,0.212618,0.000000,0.252777,4.309543,0.000000,
-6.998766,-4.560207,0.000000,6.753173,0.238699,0.000000,0.245592,4.321508,0.000000,
-7.094180,-4.598085,0.000000,6.855557,0.264950,0.000000,0.238624,4.333135,0.000000,
-7.189390,-4.635799,0.000000,6.957524,0.291363,0.000000,0.231866,4.344436,0.000000,
-7.284399,-4.673351,0.000000,7.059082,0.317933,0.000000,0.225316,4.355418,0.000000,
-7.379210,-4.710745,0.000000,7.160240,0.344653,0.000000,0.218970,4.366092,0.000000,
-7.473829,-4.747984,0.000000,7.261004,0.371518,0.000000,0.212825,4.376467,0.000000,
-7.568257,-4.785072,0.000000,7.361382,0.398522,0.000000,0.206875,4.386549,0.000000,
-7.662499,-4.822010,0.000000,7.461381,0.425662,0.000000,0.201118,4.396349,0.000000,
-7.756558,-4.858803,0.000000,7.561007,0.452931,0.000000,0.195551,4.405873,0.000000,
-7.850438,-4.895453,0.000000,7.660268,0.480325,0.000000,0.190170,4.415129,0.000000,
-7.944141,-4.931963,0.000000,7.759170,0.507839,0.000000,0.184971,4.424124,0.000000,
-8.037670,-4.968334,0.000000,7.857718,0.535470,0.000000,0.179952,4.432865,0.000000,
-8.131029,-5.004571,0.000000,7.955920,0.563213,0.000000,0.175109,4.441359,0.000000,
-8.224220,-5.040675,0.000000,8.053781,0.591063,0.000000,0.170439,4.449612,0.000000,
-8.317246,-5.076649,0.000000,8.151307,0.619018,0.000000,0.165939,4.457631,0.000000,
-8.410110,-5.112495,0.000000,8.248504,0.647074,0.000000,0.161606,4.465422,0.000000,
-8.502814,-5.148216,0.000000,8.345377,0.675227,0.000000,0.157437,4.472990,0.000000,
-8.595360,-5.183813,0.000000,8.441931,0.703473,0.000000,0.153429,4.480341,0.000000,
-8.687753,-5.219290,0.000000,8.538173,0.731809,0.000000,0.149580,4.487480,0.000000,
-8.779992,-5.254647,0.000000,8.634106,0.760233,0.000000,0.145886,4.494413,0.000000,
-8.872082,-5.289887,0.000000,8.729737,0.788742,0.000000,0.142346,4.501145,0.000000,
-8.964024,-5.325012,0.000000,8.825069,0.817331,0.000000,0.138955,4.507681,0.000000,
-9.055821,-5.360024,0.000000,8.920108,0.845999,0.000000,0.135713,4.514025,0.000000,
-9.147474,-5.394925,0.000000,9.014858,0.874743,0.000000,0.132615,4.520183,0.000000,
-9.238985,-5.429717,0.000000,9.109325,0.903560,0.000000,0.129661,4.526158,0.000000,
-9.330358,-5.464402,0.000000,9.203511,0.932447,0.000000,0.126847,4.531954,0.000000,
-9.421593,-5.498980,0.000000,9.297422,0.961403,0.000000,0.124171,4.537577,0.000000,
-9.512693,-5.533455,0.000000,9.391062,0.990425,0.000000,0.121631,4.543030,0.000000,
-9.603659,-5.567827,0.000000,9.484435,1.019511,0.000000,0.119224,4.548316,0.000000,
-9.694494,-5.602099,0.000000,9.577544,1.048658,0.000000,0.116949,4.553441,0.000000,
-9.785198,-5.636272,0.000000,9.670395,1.077865,0.000000,0.114803,4.558407,0.000000,
-9.875775,-5.670347,0.000000,9.762990,1.107129,0.000000,0.112785,4.563217,0.000000,
-9.966225,-5.704326,0.000000,9.855334,1.136449,0.000000,0.110891,4.567877,0.000000,
-10.056551,-5.738210,0.000000,9.947430,1.165822,0.000000,0.109120,4.572388,0.000000,
-10.146753,-5.772002,0.000000,10.039282,1.195248,0.000000,0.107471,4.576754,0.000000,
-10.236834,-5.805702,0.000000,10.130893,1.224723,0.000000,0.105941,4.580979,0.000000,
-10.326795,-5.839312,0.000000,10.222267,1.254247,0.000000,0.104528,4.585065,0.000000,
-10.416637,-5.872832,0.000000,10.313407,1.283817,0.000000,0.103230,4.589015,0.000000,
-10.506362,-5.906265,0.000000,10.404316,1.313433,0.000000,0.102047,4.592833,0.000000,
-10.595972,-5.939612,0.000000,10.494998,1.343092,0.000000,0.100975,4.596521,0.000000,
-10.685468,-5.972874,0.000000,10.585455,1.372793,0.000000,0.100013,4.600081,0.000000,
-10.774852,-6.006052,0.000000,10.675691,1.402535,0.000000,0.099160,4.603517,0.000000,
-10.864124,-6.039148,0.000000,10.765710,1.432317,0.000000,0.098414,4.606832,0.000000,
-10.953286,-6.072162,0.000000,10.855513,1.462136,0.000000,0.097773,4.610026,0.000000,
-11.042339,-6.105096,0.000000,10.945103,1.491992,0.000000,0.097236,4.613104,0.000000,
-11.131285,-6.137951,0.000000,11.034484,1.521884,0.000000,0.096800,4.616068,0.000000,
-11.220125,-6.170729,0.000000,11.123659,1.551810,0.000000,0.096466,4.618919,0.000000,
-11.308860,-6.203429,0.000000,11.212630,1.581768,0.000000,0.096230,4.621660,0.000000,
-11.397491,-6.236053,0.000000,11.301399,1.611759,0.000000,0.096092,4.624294,0.000000,
-11.486020,-6.268603,0.000000,11.389969,1.641781,0.000000,0.096051,4.626822,0.000000,
-11.574448,-6.301079,0.000000,11.478344,1.671832,0.000000,0.096104,4.629247,0.000000,
-11.662775,-6.333483,0.000000,11.566525,1.701913,0.000000,0.096250,4.631570,0.000000,
-11.751003,-6.365814,0.000000,11.654514,1.732020,0.000000,0.096489,4.633794,0.000000,
-11.839134,-6.398075,0.000000,11.742315,1.762155,0.000000,0.096819,4.635920,0.000000,
-11.927168,-6.430266,0.000000,11.829930,1.792315,0.000000,0.097238,4.637951,0.000000,
-12.015105,-6.462389,0.000000,11.917360,1.822501,0.000000,0.097745,4.639888,0.000000,
-12.102948,-6.494443,0.000000,12.004609,1.852710,0.000000,0.098339,4.641733,0.000000,
-12.190698,-6.526431,0.000000,12.091678,1.882943,0.000000,0.099019,4.643488,0.000000,
-12.278354,-6.558352,0.000000,12.178570,1.913197,0.000000,0.099784,4.645154,0.000000,
-12.365919,-6.590208,0.000000,12.265287,1.943474,0.000000,0.100632,4.646734,0.000000,
-12.453393,-6.621999,0.000000,12.351830,1.973771,0.000000,0.101563,4.648228,0.000000,
-12.540777,-6.653727,0.000000,12.438203,2.004088,0.000000,0.102574,4.649639,0.000000,
-12.628073,-6.685392,0.000000,12.524406,2.034424,0.000000,0.103666,4.650968,0.000000,
-12.715280,-6.716995,0.000000,12.610443,2.064779,0.000000,0.104837,4.652216,0.000000,
-12.802400,-6.748536,0.000000,12.696315,2.095151,0.000000,0.106086,4.653385,0.000000,
-12.889434,-6.780018,0.000000,12.782023,2.125541,0.000000,0.107411,4.654477,0.000000,
-12.976383,-6.811439,0.000000,12.867570,2.155947,0.000000,0.108813,4.655492,0.000000,
-13.063248,-6.842802,0.000000,12.952958,2.186369,0.000000,0.110289,4.656433,0.000000,
-13.150028,-6.874106,0.000000,13.038189,2.216806,0.000000,0.111839,4.657300,0.000000,
-13.236726,-6.905353,0.000000,13.123264,2.247258,0.000000,0.113463,4.658095,0.000000,
-13.323342,-6.936543,0.000000,13.208184,2.277724,0.000000,0.115158,4.658819,0.000000,
-13.409877,-6.967677,0.000000,13.292953,2.308203,0.000000,0.116924,4.659474,0.000000,
-13.496332,-6.998755,0.000000,13.377571,2.338695,0.000000,0.118761,4.660060,0.000000,
-13.582707,-7.029779,0.000000,13.462040,2.369200,0.000000,0.120666,4.660579,0.000000,
-13.669003,-7.060748,0.000000,13.546362,2.399716,0.000000,0.122641,4.661032,0.000000,
-13.755221,-7.091664,0.000000,13.630538,2.430244,0.000000,0.124682,4.661420,0.000000,
-13.841361,-7.122528,0.000000,13.714571,2.460783,0.000000,0.126791,4.661745,0.000000,
-13.927426,-7.153339,0.000000,13.798460,2.491332,0.000000,0.128965,4.662007,0.000000,
-14.013414,-7.184098,0.000000,13.882209,2.521891,0.000000,0.131204,4.662207,0.000000,
-14.099327,-7.214806,0.000000,13.965819,2.552459,0.000000,0.133508,4.662347,0.000000,
-14.185166,-7.245464,0.000000,14.049291,2.583037,0.000000,0.135875,4.662427,0.000000,
-14.270931,-7.276072,0.000000,14.132626,2.613623,0.000000,0.138305,4.662449,0.000000,
-14.356622,-7.306631,0.000000,14.215826,2.644217,0.000000,0.140797,4.662414,0.000000,
-14.442242,-7.337141,0.000000,14.298892,2.674819,0.000000,0.143349,4.662322,0.000000,
-14.527790,-7.367603,0.000000,14.381827,2.705429,0.000000,0.145963,4.662174,0.000000,
-14.613266,-7.398017,0.000000,14.464630,2.736045,0.000000,0.148636,4.661972,0.000000,
-14.698672,-7.428384,0.000000,14.547304,2.766668,0.000000,0.151368,4.661716,0.000000,
-14.784008,-7.458705,0.000000,14.629850,2.797298,0.000000,0.154158,4.661408,0.000000,
-14.869275,-7.488980,0.000000,14.712269,2.827933,0.000000,0.157007,4.661047,0.000000,
-14.954474,-7.519209,0.000000,14.794562,2.858574,0.000000,0.159912,4.660635,0.000000,
-15.039604,-7.549393,0.000000,14.876731,2.889220,0.000000,0.162873,4.660173,0.000000,
-15.124667,-7.579533,0.000000,14.958777,2.919871,0.000000,0.165890,4.659662,0.000000,
-15.209664,-7.609628,0.000000,15.040701,2.950526,0.000000,0.168962,4.659102,0.000000,
-15.294594,-7.639680,0.000000,15.122505,2.981186,0.000000,0.172089,4.658494,0.000000,
-15.379458,-7.669689,0.000000,15.204189,3.011850,0.000000,0.175269,4.657839,0.000000,
-15.464257,-7.699655,0.000000,15.285754,3.042518,0.000000,0.178503,4.657138,0.000000,
-15.548992,-7.729579,0.000000,15.367203,3.073189,0.000000,0.181789,4.656391,0.000000,
-15.633663,-7.759462,0.000000,15.448536,3.103863,0.000000,0.185127,4.655599,0.000000,
-15.718270,-7.789303,0.000000,15.529753,3.134540,0.000000,0.188517,4.654763,0.000000,
-15.802814,-7.819103,0.000000,15.610857,3.165219,0.000000,0.191957,4.653884,0.000000,
-15.887296,-7.848863,0.000000,15.691848,3.195901,0.000000,0.195448,4.652962,0.000000,
-15.971716,-7.878583,0.000000,15.772728,3.226585,0.000000,0.198988,4.651998,0.000000,
-16.056075,-7.908263,0.000000,15.853497,3.257271,0.000000,0.202578,4.650992,0.000000,
-16.140373,-7.937905,0.000000,15.934157,3.287958,0.000000,0.206216,4.649946,0.000000,
-16.224610,-7.967507,0.000000,16.014708,3.318647,0.000000,0.209903,4.648860,0.000000,
-16.308788,-7.997071,0.000000,16.095151,3.349337,0.000000,0.213637,4.647734,0.000000,
-16.392906,-8.026597,0.000000,16.175488,3.380028,0.000000,0.217418,4.646569,0.000000,
-16.476965,-8.056086,0.000000,16.255720,3.410720,0.000000,0.221246,4.645366,0.000000,
-16.560966,-8.085537,0.000000,16.335847,3.441412,0.000000,0.225120,4.644125,0.000000,
-16.644909,-8.114951,0.000000,16.415870,3.472105,0.000000,0.229039,4.642847,0.000000,
-16.728795,-8.144330,0.000000,16.495791,3.502798,0.000000,0.233004,4.641532,0.000000,
-16.812623,-8.173671,0.000000,16.575609,3.533490,0.000000,0.237014,4.640181,0.000000,
-16.896395,-8.202978,0.000000,16.655328,3.564183,0.000000,0.241068,4.638795,0.000000,
-16.980111,-8.232249,0.000000,16.734946,3.594875,0.000000,0.245165,4.637374,0.000000,
-17.063771,-8.261484,0.000000,16.814465,3.625566,0.000000,0.249306,4.635918,0.000000,
-17.147376,-8.290686,0.000000,16.893886,3.656257,0.000000,0.253490,4.634429,0.000000,
-17.230926,-8.319852,0.000000,16.973210,3.686946,0.000000,0.257716,4.632906,0.000000,
-17.314421,-8.348985,0.000000,17.052437,3.717635,0.000000,0.261985,4.631350,0.000000,
-17.397863,-8.378084,0.000000,17.131569,3.748322,0.000000,0.266295,4.629762,0.000000,
-17.481251,-8.407150,0.000000,17.210605,3.779008,0.000000,0.270646,4.628142,0.000000,
-17.564586,-8.436183,0.000000,17.289548,3.809692,0.000000,0.275038,4.626491,0.000000,
-17.647868,-8.465183,0.000000,17.368398,3.840375,0.000000,0.279470,4.624808,0.000000,
-17.731098,-8.494151,0.000000,17.447156,3.871056,0.000000,0.283942,4.623095,0.000000,
-17.814276,-8.523086,0.000000,17.525822,3.901734,0.000000,0.288454,4.621352,0.000000,
-17.897402,-8.551990,0.000000,17.604397,3.932411,0.000000,0.293005,4.619580,0.000000,
-17.980477,-8.580863,0.000000,17.682882,3.963085,0.000000,0.297595,4.617778,0.000000,
-18.063501,-8.609704,0.000000,17.761278,3.993757,0.000000,0.302224,4.615947,0.000000,
-18.146475,-8.638514,0.000000,17.839585,4.024426,0.000000,0.306890,4.614088,0.000000,
-18.229399,-8.667294,0.000000,17.917805,4.055093,0.000000,0.311594,4.612201,0.000000,
-18.312273,-8.696043,0.000000,17.995937,4.085757,0.000000,0.316336,4.610286,0.000000,
-18.395098,-8.724762,0.000000,18.073983,4.116418,0.000000,0.321115,4.608344,0.000000,
-18.477874,-8.753452,0.000000,18.151944,4.147076,0.000000,0.325930,4.606376,0.000000,
-18.560601,-8.782112,0.000000,18.229819,4.177731,0.000000,0.330782,4.604381,0.000000,
-18.643280,-8.810743,0.000000,18.307611,4.208382,0.000000,0.335669,4.602360,0.000000,
-18.725911,-8.839345,0.000000,18.385319,4.239031,0.000000,0.340592,4.600314,0.000000,
-18.808494,-8.867918,0.000000,18.462944,4.269676,0.000000,0.345551,4.598242,0.000000,
-18.891031,-8.896462,0.000000,18.540486,4.300317,0.000000,0.350544,4.596145,0.000000,
-18.973520,-8.924979,0.000000,18.617948,4.330955,0.000000,0.355573,4.594024,0.000000,
-19.055963,-8.953468,0.000000,18.695328,4.361589,0.000000,0.360635,4.591879,0.000000,
-19.138360,-8.981928,0.000000,18.772628,4.392219,0.000000,0.365732,4.589709,0.000000,
-19.220710,-9.010362,0.000000,18.849848,4.422845,0.000000,0.370862,4.587517,0.000000,
-19.303016,-9.038768,0.000000,18.926990,4.453468,0.000000,0.376026,4.585300,0.000000,
-19.385275,-9.067148,0.000000,19.004053,4.484086,0.000000,0.381223,4.583062,0.000000,
-19.467490,-9.095500,0.000000,19.081038,4.514700,0.000000,0.386453,4.580800,0.000000,
-19.549661,-9.123826,0.000000,19.157946,4.545310,0.000000,0.391715,4.578516,0.000000,
-19.631787,-9.152126,0.000000,19.234777,4.575916,0.000000,0.397009,4.576211,0.000000,
-19.713869,-9.180400,0.000000,19.311533,4.606517,0.000000,0.402336,4.573884,0.000000,
-19.795907,-9.208648,0.000000,19.388213,4.637113,0.000000,0.407694,4.571535,0.000000,
-19.877902,-9.236871,0.000000,19.464818,4.667705,0.000000,0.413084,4.569165,0.000000,
-19.959854,-9.265068,0.000000,19.541349,4.698293,0.000000,0.418505,4.566775,0.000000,
-20.041763,-9.293240,0.000000,19.617806,4.728876,0.000000,0.423956,4.564364,0.000000,
-20.123629,-9.321387,0.000000,19.694190,4.759454,0.000000,0.429439,4.561933,0.000000,
-20.205453,-9.349509,0.000000,19.770502,4.790027,0.000000,0.434951,4.559482,0.000000,
-20.287236,-9.377607,0.000000,19.846741,4.820595,0.000000,0.440494,4.557012,0.000000,
-20.368976,-9.405681,0.000000,19.922909,4.851159,0.000000,0.446067,4.554522,0.000000,
-20.450675,-9.433730,0.000000,19.999006,4.881717,0.000000,0.451669,4.552013,0.000000,
-20.532333,-9.461756,0.000000,20.075033,4.912271,0.000000,0.457300,4.549485,0.000000,
-20.613950,-9.489758,0.000000,20.150989,4.942819,0.000000,0.462961,4.546939,0.000000,
-20.695527,-9.517736,0.000000,20.226876,4.973362,0.000000,0.468650,4.544374,0.000000,
-20.777063,-9.545691,0.000000,20.302695,5.003900,0.000000,0.474368,4.541791,0.000000,
-20.858559,-9.573623,0.000000,20.378444,5.034432,0.000000,0.480115,4.539191,0.000000,
-20.940015,-9.601532,0.000000,20.454126,5.064960,0.000000,0.485889,4.536572,0.000000,
-21.021432,-9.629418,0.000000,20.529740,5.095482,0.000000,0.491692,4.533937,0.000000,
-21.102810,-9.657282,0.000000,20.605288,5.125998,0.000000,0.497522,4.531284,0.000000,
-21.184148,-9.685124,0.000000,20.680769,5.156509,0.000000,0.503380,4.528615,0.000000,
-21.265448,-9.712943,0.000000,20.756184,5.187014,0.000000,0.509264,4.525928,0.000000,
-21.346709,-9.740740,0.000000,20.831533,5.217514,0.000000,0.515176,4.523226,0.000000,
-21.427932,-9.768515,0.000000,20.906817,5.248008,0.000000,0.521115,4.520507,0.000000,
-21.509117,-9.796269,0.000000,20.982037,5.278497,0.000000,0.527080,4.517772,0.000000,
-21.590264,-9.824001,0.000000,21.057192,5.308980,0.000000,0.533072,4.515021,0.000000,
-21.671374,-9.851712,0.000000,21.132284,5.339457,0.000000,0.539090,4.512255,0.000000,
-21.752446,-9.879402,0.000000,21.207312,5.369929,0.000000,0.545133,4.509474,0.000000,
-21.833481,-9.907071,0.000000,21.282278,5.400394,0.000000,0.551203,4.506677,0.000000,
-21.914479,-9.934719,0.000000,21.357181,5.430854,0.000000,0.557298,4.503865,0.000000,
-21.995441,-9.962346,0.000000,21.432022,5.461308,0.000000,0.563418,4.501038,0.000000,
-22.076366,-9.989953,0.000000,21.506802,5.491756,0.000000,0.569564,4.498197,0.000000,
-22.157255,-10.017540,0.000000,21.581521,5.522198,0.000000,0.575734,4.495342,0.000000,
-22.238108,-10.045106,0.000000,21.656178,5.552634,0.000000,0.581930,4.492472,0.000000,
-22.318925,-10.072653,0.000000,21.730776,5.583064,0.000000,0.588149,4.489588,0.000000,
-22.399707,-10.100179,0.000000,21.805314,5.613488,0.000000,0.594394,4.486691,0.000000,
-22.480454,-10.127686,0.000000,21.879792,5.643906,0.000000,0.600662,4.483780,0.000000,
-22.561165,-10.155173,0.000000,21.954211,5.674318,0.000000,0.606955,4.480855,0.000000,
-22.641842,-10.182641,0.000000,22.028571,5.704724,0.000000,0.613271,4.477917,0.000000,
-22.722484,-10.210090,0.000000,22.102873,5.735123,0.000000,0.619611,4.474966,0.000000,
-22.803091,-10.237519,0.000000,22.177117,5.765517,0.000000,0.625974,4.472002,0.000000,
-22.883665,-10.264930,0.000000,22.251304,5.795904,0.000000,0.632361,4.469026,0.000000,
-22.964204,-10.292322,0.000000,22.325433,5.826285,0.000000,0.638771,4.466036,0.000000,
-23.044709,-10.319695,0.000000,22.399505,5.856660,0.000000,0.645204,4.463035,0.000000,
-23.125181,-10.347049,0.000000,22.473521,5.887028,0.000000,0.651660,4.460021,0.000000,
-23.205620,-10.374385,0.000000,22.547482,5.917391,0.000000,0.658138,4.456994,0.000000,
-23.286025,-10.401703,0.000000,22.621386,5.947747,0.000000,0.664639,4.453956,0.000000,
-23.366397,-10.429003,0.000000,22.695235,5.978096,0.000000,0.671162,4.450906,0.000000,
-23.446736,-10.456284,0.000000,22.769029,6.008439,0.000000,0.677707,4.447845,0.000000,
-23.527043,-10.483548,0.000000,22.842768,6.038776,0.000000,0.684275,4.444772,0.000000,
-23.607317,-10.510794,0.000000,22.916454,6.069107,0.000000,0.690864,4.441687,0.000000,
-23.687559,-10.538023,0.000000,22.990085,6.099431,0.000000,0.697474,4.438592,0.000000,
-23.767769,-10.565234,0.000000,23.063662,6.129749,0.000000,0.704107,4.435485,0.000000,
-23.847947,-10.592427,0.000000,23.137187,6.160060,0.000000,0.710760,4.432368,0.000000,
-23.928093,-10.619604,0.000000,23.210658,6.190365,0.000000,0.717435,4.429239,0.000000,
-24.008208,-10.646763,0.000000,23.284077,6.220663,0.000000,0.724131,4.426100,0.000000,
-24.088291,-10.673906,0.000000,23.357444,6.250955,0.000000,0.730848,4.422951,0.000000,
-24.168344,-10.701031,0.000000,23.430758,6.281240,0.000000,0.737585,4.419791,0.000000,
-24.248365,-10.728140,0.000000,23.504022,6.311519,0.000000,0.744343,4.416621,0.000000,
-24.328355,-10.755232,0.000000,23.577233,6.341791,0.000000,0.751122,4.413441,0.000000,
-24.408315,-10.782308,0.000000,23.650394,6.372057,0.000000,0.757921,4.410251,0.000000,
-24.488245,-10.809367,0.000000,23.723504,6.402316,0.000000,0.764740,4.407051,0.000000,
-24.568144,-10.836410,0.000000,23.796564,6.432569,0.000000,0.771580,4.403841,0.000000,
-24.648013,-10.863437,0.000000,23.869574,6.462815,0.000000,0.778439,4.400622,0.000000,
-24.727852,-10.890448,0.000000,23.942534,6.493055,0.000000,0.785318,4.397393,0.000000,
-24.807661,-10.917443,0.000000,24.015445,6.523288,0.000000,0.792216,4.394155,0.000000,
-24.887441,-10.944422,0.000000,24.088306,6.553514,0.000000,0.799134,4.390908,0.000000,
-24.967191,-10.971385,0.000000,24.161119,6.583734,0.000000,0.806072,4.387651,0.000000,
-25.046912,-10.998333,0.000000,24.233883,6.613947,0.000000,0.813029,4.384386,0.000000,
-25.126604,-11.025265,0.000000,24.306599,6.644154,0.000000,0.820005,4.381111,0.000000,
-25.206267,-11.052182,0.000000,24.379267,6.674354,0.000000,0.827000,4.377828,0.000000,
-25.285901,-11.079084,0.000000,24.451887,6.704547,0.000000,0.834013,4.374537,0.000000,
-25.365506,-11.105970,0.000000,24.524460,6.734734,0.000000,0.841046,4.371237,0.000000,
-25.445083,-11.132842,0.000000,24.596986,6.764914,0.000000,0.848097,4.367928,0.000000,
-25.524631,-11.159698,0.000000,24.669465,6.795087,0.000000,0.855167,4.364611,0.000000,
-25.604152,-11.186540,0.000000,24.741897,6.825254,0.000000,0.862255,4.361286,0.000000,
-25.683644,-11.213366,0.000000,24.814283,6.855414,0.000000,0.869361,4.357953,0.000000,
-25.763109,-11.240179,0.000000,24.886623,6.885567,0.000000,0.876486,4.354611,0.000000,
-25.842546,-11.266976,0.000000,24.958917,6.915714,0.000000,0.883628,4.351262,0.000000,
-25.921955,-11.293759,0.000000,25.031166,6.945854,0.000000,0.890789,4.347905,0.000000,
-26.001336,-11.320528,0.000000,25.103370,6.975988,0.000000,0.897967,4.344540,0.000000,
-26.080691,-11.347282,0.000000,25.175528,7.006114,0.000000,0.905163,4.341168,0.000000,
-26.160018,-11.374023,0.000000,25.247642,7.036234,0.000000,0.912376,4.337788,0.000000,
-26.239319,-11.400749,0.000000,25.319712,7.066348,0.000000,0.919607,4.334401,0.000000,
-26.318592,-11.427461,0.000000,25.391737,7.096454,0.000000,0.926855,4.331007,0.000000,
-26.397839,-11.454159,0.000000,25.463718,7.126554,0.000000,0.934121,4.327605,0.000000,
-26.477059,-11.480844,0.000000,25.535656,7.156648,0.000000,0.941404,4.324196,0.000000,
-26.556253,-11.507515,0.000000,25.607550,7.186734,0.000000,0.948703,4.320780,0.000000,
-26.635421,-11.534172,0.000000,25.679401,7.216814,0.000000,0.956020,4.317358,0.000000,
-26.714562,-11.560815,0.000000,25.751209,7.246888,0.000000,0.963353,4.313928,0.000000,
-26.793677,-11.587446,0.000000,25.822974,7.276954,0.000000,0.970703,4.310491,0.000000,
-26.872767,-11.614062,0.000000,25.894697,7.307014,0.000000,0.978070,4.307048,0.000000,
-26.951831,-11.640666,0.000000,25.966377,7.337067,0.000000,0.985453,4.303599,0.000000,
-27.030869,-11.667256,0.000000,26.038016,7.367114,0.000000,0.992853,4.300142,0.000000,
-27.109882,-11.693833,0.000000,26.109613,7.397154,0.000000,1.000269,4.296680,0.000000,
-27.188869,-11.720398,0.000000,26.181168,7.427187,0.000000,1.007701,4.293211,0.000000,
-27.267831,-11.746949,0.000000,26.252682,7.457213,0.000000,1.015149,4.289736,0.000000,
-27.346768,-11.773487,0.000000,26.324154,7.487233,0.000000,1.022614,4.286254,0.000000,
-27.425680,-11.800013,0.000000,26.395586,7.517246,0.000000,1.030094,4.282767,0.000000,
-27.504567,-11.826526,0.000000,26.466978,7.547252,0.000000,1.037590,4.279273,0.000000,
-27.583430,-11.853026,0.000000,26.538328,7.577252,0.000000,1.045101,4.275774,0.000000,
-27.662268,-11.879514,0.000000,26.609639,7.607245,0.000000,1.052629,4.272268,0.000000,
-27.741081,-11.905989,0.000000,26.680910,7.637232,0.000000,1.060172,4.268757,0.000000,
-27.819870,-11.932452,0.000000,26.752140,7.667211,0.000000,1.067730,4.265240,0.000000,
-27.898635,-11.958902,0.000000,26.823332,7.697185,0.000000,1.075304,4.261718,0.000000,
-27.977376,-11.985341,0.000000,26.894484,7.727151,0.000000,1.082893,4.258190,0.000000,
-28.056093,-12.011767,0.000000,26.965597,7.757111,0.000000,1.090497,4.254656,0.000000,
-28.134786,-12.038181,0.000000,27.036670,7.787064,0.000000,1.098116,4.251117,0.000000,
-28.213456,-12.064583,0.000000,27.107706,7.817010,0.000000,1.105750,4.247573,0.000000,
-28.292101,-12.090973,0.000000,27.178702,7.846950,0.000000,1.113399,4.244023,0.000000,
-28.370723,-12.117351,0.000000,27.249660,7.876883,0.000000,1.121063,4.240468,0.000000,
-28.449322,-12.143718,0.000000,27.320581,7.906810,0.000000,1.128742,4.236908,0.000000,
-28.527898,-12.170073,0.000000,27.391463,7.936730,0.000000,1.136435,4.233343,0.000000,
-28.606450,-12.196416,0.000000,27.462307,7.966643,0.000000,1.144143,4.229773,0.000000,
-28.684980,-12.222747,0.000000,27.533114,7.996550,0.000000,1.151865,4.226198,0.000000,
-28.763486,-12.249067,0.000000,27.603884,8.026450,0.000000,1.159602,4.222618,0.000000,
-28.841970,-12.275376,0.000000,27.674617,8.056343,0.000000,1.167353,4.219033,0.000000,
-28.920431,-12.301673,0.000000,27.745312,8.086230,0.000000,1.175118,4.215443,0.000000,
-28.998869,-12.327959,0.000000,27.815971,8.116110,0.000000,1.182898,4.211849,0.000000,
-29.077285,-12.354234,0.000000,27.886593,8.145984,0.000000,1.190691,4.208250,0.000000,
-29.155678,-12.380498,0.000000,27.957179,8.175851,0.000000,1.198499,4.204647,0.000000,
-29.234049,-12.406750,0.000000,28.027729,8.205711,0.000000,1.206320,4.201039,0.000000,
-29.312399,-12.432992,0.000000,28.098243,8.235565,0.000000,1.214156,4.197427,0.000000,
-29.390726,-12.459222,0.000000,28.168721,8.265412,0.000000,1.222005,4.193810,0.000000,
-29.469031,-12.485442,0.000000,28.239163,8.295253,0.000000,1.229867,4.190189,0.000000,
-29.547314,-12.511650,0.000000,28.309570,8.325087,0.000000,1.237744,4.186563,0.000000,
-29.625575,-12.537848,0.000000,28.379941,8.354915,0.000000,1.245634,4.182933,0.000000,
-29.703815,-12.564036,0.000000,28.450278,8.384736,0.000000,1.253537,4.179300,0.000000,
-29.782033,-12.590212,0.000000,28.520579,8.414551,0.000000,1.261454,4.175662,0.000000,
-29.860230,-12.616378,0.000000,28.590846,8.444359,0.000000,1.269384,4.172020,0.000000,
-29.938406,-12.642534,0.000000,28.661078,8.474160,0.000000,1.277328,4.168374,0.000000,
-30.016560,-12.668679,0.000000,28.731276,8.503955,0.000000,1.285284,4.164724,0.000000,
-30.094693,-12.694814,0.000000,28.801439,8.533744,0.000000,1.293254,4.161070,0.000000,
-30.172805,-12.720938,0.000000,28.871569,8.563526,0.000000,1.301236,4.157412,0.000000,
-30.250897,-12.747052,0.000000,28.941664,8.593301,0.000000,1.309232,4.153751,0.000000,
-30.328967,-12.773156,0.000000,29.011726,8.623070,0.000000,1.317241,4.150086,0.000000,
-30.407016,-12.799249,0.000000,29.081754,8.652833,0.000000,1.325262,4.146417,0.000000,
-30.485045,-12.825333,0.000000,29.151749,8.682589,0.000000,1.333296,4.142744,0.000000,
-30.563054,-12.851406,0.000000,29.221711,8.712338,0.000000,1.341343,4.139068,0.000000,
-30.641042,-12.877470,0.000000,29.291639,8.742081,0.000000,1.349403,4.135389,0.000000,
-30.719009,-12.903523,0.000000,29.361535,8.771818,0.000000,1.357475,4.131705,0.000000,
-30.796957,-12.929567,0.000000,29.431398,8.801548,0.000000,1.365559,4.128019,0.000000,
-30.874884,-12.955601,0.000000,29.501228,8.831272,0.000000,1.373656,4.124329,0.000000,
-30.952791,-12.981625,0.000000,29.571026,8.860990,0.000000,1.381765,4.120635,0.000000,
-31.030678,-13.007639,0.000000,29.640791,8.890701,0.000000,1.389887,4.116939,0.000000,
-31.108545,-13.033644,0.000000,29.710524,8.920405,0.000000,1.398021,4.113239,0.000000,
-31.186393,-13.059639,0.000000,29.780226,8.950103,0.000000,1.406167,4.109536,0.000000,
-31.264220,-13.085625,0.000000,29.849895,8.979795,0.000000,1.414325,4.105830,0.000000,
-31.342028,-13.111601,0.000000,29.919533,9.009481,0.000000,1.422495,4.102120,0.000000,
-31.419817,-13.137567,0.000000,29.989139,9.039160,0.000000,1.430677,4.098408,0.000000,
-31.497586,-13.163524,0.000000,30.058714,9.068832,0.000000,1.438872,4.094692,0.000000,
-31.575335,-13.189472,0.000000,30.128258,9.098499,0.000000,1.447078,4.090974,0.000000,
-31.653066,-13.215411,0.000000,30.197771,9.128159,0.000000,1.455295,4.087252,0.000000,
-31.730777,-13.241340,0.000000,30.267252,9.157812,0.000000,1.463525,4.083528,0.000000,
-31.808469,-13.267260,0.000000,30.336703,9.187460,0.000000,1.471766,4.079801,0.000000,
-31.886142,-13.293171,0.000000,30.406123,9.217101,0.000000,1.480019,4.076070,0.000000,
-31.963796,-13.319073,0.000000,30.475513,9.246735,0.000000,1.488283,4.072338,0.000000,
-32.041431,-13.344966,0.000000,30.544872,9.276364,0.000000,1.496559,4.068602,0.000000,
-32.119048,-13.370850,0.000000,30.614201,9.305986,0.000000,1.504847,4.064864,0.000000,
-32.196646,-13.396725,0.000000,30.683500,9.335602,0.000000,1.513145,4.061123,0.000000,
-32.274225,-13.422590,0.000000,30.752769,9.365211,0.000000,1.521456,4.057379,0.000000,
-32.351785,-13.448448,0.000000,30.822008,9.394815,0.000000,1.529777,4.053633,0.000000,
-32.429328,-13.474296,0.000000,30.891218,9.424412,0.000000,1.538110,4.049884,0.000000,
-32.506851,-13.500136,0.000000,30.960398,9.454003,0.000000,1.546453,4.046133,0.000000,
-32.584357,-13.525966,0.000000,31.029549,9.483587,0.000000,1.554808,4.042379,0.000000,
-32.661844,-13.551789,0.000000,31.098670,9.513166,0.000000,1.563174,4.038623,0.000000,
-32.739313,-13.577602,0.000000,31.167762,9.542738,0.000000,1.571551,4.034864,0.000000,
-32.816765,-13.603407,0.000000,31.236825,9.572304,0.000000,1.579939,4.031103,0.000000,
-32.894198,-13.629204,0.000000,31.305859,9.601864,0.000000,1.588338,4.027340,0.000000,
-32.971613,-13.654992,0.000000,31.374865,9.631417,0.000000,1.596748,4.023574,0.000000,
-33.049010,-13.680771,0.000000,31.443842,9.660965,0.000000,1.605169,4.019806,0.000000,
-33.126390,-13.706542,0.000000,31.512790,9.690506,0.000000,1.613600,4.016036,0.000000,
-33.203752,-13.732305,0.000000,31.581710,9.720041,0.000000,1.622042,4.012264,0.000000,
-33.281097,-13.758060,0.000000,31.650602,9.749570,0.000000,1.630494,4.008490,0.000000,
-33.358424,-13.783806,0.000000,31.719466,9.779093,0.000000,1.638958,4.004713,0.000000,
-33.435733,-13.809544,0.000000,31.788302,9.808610,0.000000,1.647431,4.000934,0.000000,
-33.513025,-13.835274,0.000000,31.857109,9.838120,0.000000,1.655916,3.997153,0.000000,
-33.590300,-13.860995,0.000000,31.925889,9.867625,0.000000,1.664410,3.993371,0.000000,
-33.667558,-13.886709,0.000000,31.994642,9.897123,0.000000,1.672916,3.989586,0.000000,
-33.744798,-13.912415,0.000000,32.063367,9.926615,0.000000,1.681431,3.985799,0.000000,
-33.822021,-13.938112,0.000000,32.132065,9.956102,0.000000,1.689957,3.982010,0.000000,
-33.899228,-13.963802,0.000000,32.200735,9.985582,0.000000,1.698493,3.978220,0.000000,
-33.976417,-13.989483,0.000000,32.269378,10.015056,0.000000,1.707039,3.974427,0.000000,
-34.053590,-14.015157,0.000000,32.337994,10.044524,0.000000,1.715595,3.970633,0.000000,
-34.130745,-14.040823,0.000000,32.406583,10.073986,0.000000,1.724162,3.966837,0.000000,
-34.207884,-14.066481,0.000000,32.475146,10.103442,0.000000,1.732739,3.963039,0.000000,
-34.285007,-14.092131,0.000000,32.543682,10.132892,0.000000,1.741325,3.959239,0.000000,
-34.362113,-14.117774,0.000000,32.612191,10.162336,0.000000,1.749922,3.955437,0.000000,
-34.439202,-14.143409,0.000000,32.680674,10.191774,0.000000,1.758528,3.951634,0.000000,
-34.516275,-14.169036,0.000000,32.749130,10.221207,0.000000,1.767145,3.947829,0.000000,
-34.593331,-14.194656,0.000000,32.817560,10.250633,0.000000,1.775771,3.944023,0.000000,
-34.670371,-14.220268,0.000000,32.885965,10.280053,0.000000,1.784407,3.940215,0.000000,
-34.747395,-14.245872,0.000000,32.954343,10.309467,0.000000,1.793053,3.936405,0.000000,
-34.824403,-14.271469,0.000000,33.022695,10.338875,0.000000,1.801708,3.932594,0.000000,
-34.901395,-14.297059,0.000000,33.091021,10.368278,0.000000,1.810373,3.928781,0.000000,
-34.978370,-14.322641,0.000000,33.159322,10.397674,0.000000,1.819048,3.924967,0.000000,
-35.055330,-14.348216,0.000000,33.227597,10.427065,0.000000,1.827732,3.921151,0.000000,
-35.132273,-14.373783,0.000000,33.295847,10.456449,0.000000,1.836426,3.917334,0.000000,
-35.209201,-14.399343,0.000000,33.364072,10.485828,0.000000,1.845129,3.913515,0.000000,
-35.286113,-14.424896,0.000000,33.432271,10.515201,0.000000,1.853842,3.909695,0.000000,
-35.363009,-14.450441,0.000000,33.500445,10.544568,0.000000,1.862564,3.905873,0.000000,
-35.439890,-14.475980,0.000000,33.568594,10.573929,0.000000,1.871296,3.902051,0.000000,
-35.516755,-14.501511,0.000000,33.636718,10.603284,0.000000,1.880037,3.898226,0.000000,
-35.593604,-14.527035,0.000000,33.704817,10.632634,0.000000,1.888787,3.894401,0.000000,
-35.670438,-14.552552,0.000000,33.772892,10.661977,0.000000,1.897546,3.890574,0.000000,
-35.747257,-14.578061,0.000000,33.840942,10.691315,0.000000,1.906315,3.886746,0.000000,
-35.824060,-14.603564,0.000000,33.908967,10.720647,0.000000,1.915093,3.882917,0.000000,
-35.900848,-14.629060,0.000000,33.976968,10.749974,0.000000,1.923880,3.879086,0.000000,
-35.977621,-14.654549,0.000000,34.044945,10.779294,0.000000,1.932675,3.875255,0.000000,
-36.054378,-14.680030,0.000000,34.112898,10.808609,0.000000,1.941480,3.871422,0.000000,
-36.131120,-14.705505,0.000000,34.180826,10.837918,0.000000,1.950294,3.867588,0.000000,
-36.207848,-14.730973,0.000000,34.248730,10.867221,0.000000,1.959117,3.863753,0.000000,
-36.284560,-14.756435,0.000000,34.316611,10.896518,0.000000,1.967949,3.859916,0.000000,
-36.361258,-14.781889,0.000000,34.384467,10.925810,0.000000,1.976790,3.856079,0.000000,
-36.437940,-14.807337,0.000000,34.452300,10.955096,0.000000,1.985640,3.852241,0.000000,
-36.514608,-14.832778,0.000000,34.520109,10.984376,0.000000,1.994498,3.848401,0.000000,
-36.591261,-14.858212,0.000000,34.587895,11.013651,0.000000,2.003365,3.844561,0.000000,
-36.667899,-14.883639,0.000000,34.655657,11.042920,0.000000,2.012241,3.840719,0.000000,
-36.744522,-14.909060,0.000000,34.723396,11.072183,0.000000,2.021126,3.836877,0.000000,
-36.821131,-14.934474,0.000000,34.791112,11.101441,0.000000,2.030019,3.833034,0.000000,
-36.897726,-14.959882,0.000000,34.858805,11.130693,0.000000,2.038921,3.829189,0.000000,
-36.974306,-14.985283,0.000000,34.926474,11.159939,0.000000,2.047832,3.825344,0.000000,
-37.050871,-15.010678,0.000000,34.994120,11.189180,0.000000,2.056751,3.821498,0.000000,
-37.127423,-15.036066,0.000000,35.061744,11.218415,0.000000,2.065679,3.817651,0.000000,
-37.203960,-15.061447,0.000000,35.129345,11.247644,0.000000,2.074615,3.813803,0.000000,
-37.280482,-15.086823,0.000000,35.196923,11.276868,0.000000,2.083559,3.809955,0.000000,
-37.356991,-15.112191,0.000000,35.264478,11.306086,0.000000,2.092512,3.806105,0.000000,
-37.433485,-15.137554,0.000000,35.332011,11.335299,0.000000,2.101474,3.802255,0.000000,
-37.509965,-15.162910,0.000000,35.399522,11.364506,0.000000,2.110444,3.798404,0.000000,
-37.586431,-15.188260,0.000000,35.467010,11.393707,0.000000,2.119422,3.794552,0.000000,
-37.662883,-15.213603,0.000000,35.534475,11.422903,0.000000,2.128408,3.790700,0.000000,
-37.739322,-15.238940,0.000000,35.601919,11.452094,0.000000,2.137402,3.786846,0.000000,
-37.815746,-15.264271,0.000000,35.669341,11.481279,0.000000,2.146405,3.782992,0.000000,
-37.892156,-15.289596,0.000000,35.736740,11.510458,0.000000,2.155416,3.779138,0.000000,
-37.968553,-15.314915,0.000000,35.804118,11.539632,0.000000,2.164435,3.775283,0.000000,
-38.044936,-15.340227,0.000000,35.871474,11.568800,0.000000,2.173462,3.771427,0.000000,
-38.121305,-15.365533,0.000000,35.938808,11.597963,0.000000,2.182498,3.767570,0.000000,
-38.197661,-15.390833,0.000000,36.006120,11.627121,0.000000,2.191541,3.763713,0.000000,
-38.274003,-15.416128,0.000000,36.073411,11.656273,0.000000,2.200592,3.759855,0.000000,
-38.350332,-15.441416,0.000000,36.140680,11.685419,0.000000,2.209652,3.755997,0.000000,
-38.426647,-15.466698,0.000000,36.207928,11.714560,0.000000,2.218719,3.752138,0.000000,
-38.502949,-15.491974,0.000000,36.275155,11.743696,0.000000,2.227794,3.748278,0.000000,
